file_name,Site,Plot,Colony,TechRep,  Date ,Verified
AcroGarden/Flow/FlowCytometry/Source_May_WestA_June6_2021/Source_May_WestA_June6_2021.E01.CSV,Luminao,ABAB,1,1,5/12/2021,No
AcroGarden/Flow/FlowCytometry/Source_May_WestA_June6_2021/Source_May_WestA_June6_2021.E02.CSV,Luminao,ABAB,2,1,5/12/2021,No
AcroGarden/Flow/FlowCytometry/Source_May_WestA_June6_2021/Source_May_WestA_June6_2021.E03.CSV,Luminao,ABAB,3,1,5/12/2021,No
AcroGarden/Flow/FlowCytometry/Source_May_WestA_June6_2021/Source_May_WestA_June6_2021.E04.CSV,Luminao,ABAB,4,1,5/12/2021,No
AcroGarden/Flow/FlowCytometry/Source_May_WestA_June6_2021/Source_May_WestA_June6_2021.E05.CSV,Luminao,ABAB,5,1,5/12/2021,No
AcroGarden/Flow/FlowCytometry/Source_May_WestA_June6_2021/Source_May_WestA_June6_2021.E06.CSV,Luminao,ABAB,6,1,5/12/2021,No
AcroGarden/Flow/FlowCytometry/Source_May_WestA_June6_2021/Source_May_WestA_June6_2021.E07.CSV,Luminao,ABAB,7,1,5/12/2021,No
AcroGarden/Flow/FlowCytometry/Source_May_WestA_June6_2021/Source_May_WestA_June6_2021.E08.CSV,Luminao,ABAB,8,1,5/12/2021,No
AcroGarden/Flow/FlowCytometry/Source_May_WestA_June6_2021/Source_May_WestA_June6_2021.E09.CSV,Luminao,ABAB,9,1,5/12/2021,No
AcroGarden/Flow/FlowCytometry/Source_May_WestA_June6_2021/Source_May_WestA_June6_2021.E10.CSV,Luminao,ABAB,10,1,5/12/2021,No
AcroGarden/Flow/FlowCytometry/Source_05_2021/List_1-21_2021-07-16_at_02-46-24pm.A01.CSV,Luminao,A,1,1,5/18/2021,Yes
AcroGarden/Flow/FlowCytometry/Source_05_2021/List_1-21_2021-07-16_at_02-46-24pm.A02.CSV,Luminao,A,1,2,5/18/2021,Yes
AcroGarden/Flow/FlowCytometry/Source_05_2021/List_1-21_2021-07-16_at_02-46-24pm.A03.CSV,Luminao,A,2,1,5/18/2021,Yes
AcroGarden/Flow/FlowCytometry/Source_05_2021/List_1-21_2021-07-16_at_02-46-24pm.A04.CSV,Luminao,A,2,2,5/18/2021,Yes
AcroGarden/Flow/FlowCytometry/Source_05_2021/List_1-21_2021-07-16_at_02-46-24pm.A05.CSV,Luminao,A,3,1,5/18/2021,Yes
AcroGarden/Flow/FlowCytometry/Source_05_2021/List_1-21_2021-07-16_at_02-46-24pm.A06.CSV,Luminao,A,3,2,5/18/2021,Yes
AcroGarden/Flow/FlowCytometry/Source_05_2021/List_1-21_2021-07-16_at_02-46-24pm.A07.CSV,Luminao,B,4,1,5/18/2021,Yes
AcroGarden/Flow/FlowCytometry/Source_05_2021/List_1-21_2021-07-16_at_02-46-24pm.A08.CSV,Luminao,B,4,2,5/18/2021,Yes
AcroGarden/Flow/FlowCytometry/Source_05_2021/List_1-21_2021-07-16_at_02-46-24pm.A09.CSV,Luminao,B,5,1,5/18/2021,Yes
AcroGarden/Flow/FlowCytometry/Source_05_2021/List_1-21_2021-07-16_at_02-46-24pm.A10.CSV,Luminao,B,5,2,5/18/2021,Yes
AcroGarden/Flow/FlowCytometry/Source_05_2021/List_1-21_2021-07-16_at_02-46-24pm.A11.CSV,Luminao,B,6,1,5/18/2021,Yes
AcroGarden/Flow/FlowCytometry/Source_05_2021/List_1-21_2021-07-16_at_02-46-24pm.A12.CSV,Luminao,B,6,2,5/18/2021,Yes
AcroGarden/Flow/FlowCytometry/Source_05_2021/List_1-21_2021-07-16_at_02-46-24pm.B01.CSV,Luminao,C,7,1,5/18/2021,Yes
AcroGarden/Flow/FlowCytometry/Source_05_2021/List_1-21_2021-07-16_at_02-46-24pm.B02.CSV,Luminao,C,7,2,5/18/2021,Yes
AcroGarden/Flow/FlowCytometry/Source_05_2021/List_1-21_2021-07-16_at_02-46-24pm.B03.CSV,Luminao,C,8,1,5/18/2021,Yes
AcroGarden/Flow/FlowCytometry/Source_05_2021/List_1-21_2021-07-16_at_02-46-24pm.B04.CSV,Luminao,C,8,2,5/18/2021,Yes
AcroGarden/Flow/FlowCytometry/Source_05_2021/List_1-21_2021-07-16_at_02-46-24pm.B05.CSV,Luminao,C,9,1,5/18/2021,Yes
AcroGarden/Flow/FlowCytometry/Source_05_2021/List_1-21_2021-07-16_at_02-46-24pm.B06.CSV,Luminao,C,9,2,5/18/2021,Yes
AcroGarden/Flow/FlowCytometry/Source_05_2021/List_1-21_2021-07-16_at_02-46-24pm.B07.CSV,Luminao,D,10,1,5/18/2021,Yes
AcroGarden/Flow/FlowCytometry/Source_05_2021/List_1-21_2021-07-16_at_02-46-24pm.B08.CSV,Luminao,D,10,2,5/18/2021,Yes
AcroGarden/Flow/FlowCytometry/Source_05_2021/List_1-21_2021-07-16_at_02-46-24pm.B09.CSV,Luminao,D,11,1,5/18/2021,Yes
AcroGarden/Flow/FlowCytometry/Source_05_2021/List_1-21_2021-07-16_at_02-46-24pm.B10.CSV,Luminao,D,11,2,5/18/2021,Yes
AcroGarden/Flow/FlowCytometry/Source_05_2021/List_1-21_2021-07-16_at_02-46-24pm.B11.CSV,Luminao,D,12,1,5/18/2021,Yes
AcroGarden/Flow/FlowCytometry/Source_05_2021/List_1-21_2021-07-16_at_02-46-24pm.B12.CSV,Luminao,D,12,2,5/18/2021,Yes
AcroGarden/Flow/FlowCytometry/East_06_2021/EastA_6-8_June6_2021-08-12_at_07-25-45pm.B01.CSV,East,A,6,1,6/16/2021,Maybe
AcroGarden/Flow/FlowCytometry/East_06_2021/EastA_6-8_June6_2021-08-12_at_07-25-45pm.B02.CSV,East,A,6,2,6/16/2021,Maybe
AcroGarden/Flow/FlowCytometry/East_06_2021/EastA_6-8_June6_2021-08-12_at_07-25-45pm.B03.CSV,East,A,7,1,6/16/2021,Maybe
AcroGarden/Flow/FlowCytometry/East_06_2021/EastA_6-8_June6_2021-08-12_at_07-25-45pm.B04.CSV,East,A,7,2,6/16/2021,Maybe
AcroGarden/Flow/FlowCytometry/East_06_2021/EastA_6-8_June6_2021-08-12_at_07-25-45pm.B05.CSV,East,A,8,1,6/16/2021,Maybe
AcroGarden/Flow/FlowCytometry/East_06_2021/EastA_6-8_June6_2021-08-12_at_07-25-45pm.B06.CSV,East,A,8,2,6/16/2021,Maybe
AcroGarden/Flow/FlowCytometry/East_06_2021/EastAB_June6_2021-08-12_at_07-25-45pm.B07.CSV,East,A,9,1,6/16/2021,Maybe
AcroGarden/Flow/FlowCytometry/East_06_2021/EastAB_June6_2021-08-12_at_07-25-45pm.B08.CSV,East,A,9,2,6/16/2021,Maybe
AcroGarden/Flow/FlowCytometry/East_06_2021/EastAB_June6_2021-08-12_at_07-25-45pm.B09.CSV,East,A,10,1,6/16/2021,Maybe
AcroGarden/Flow/FlowCytometry/East_06_2021/EastAB_June6_2021-08-12_at_07-25-45pm.B10.CSV,East,A,10,2,6/16/2021,Maybe
AcroGarden/Flow/FlowCytometry/East_06_2021/EastAB_June6_2021-08-12_at_07-25-45pm.C01.CSV,East,B,1,1,6/16/2021,Maybe
AcroGarden/Flow/FlowCytometry/East_06_2021/EastAB_June6_2021-08-12_at_07-25-45pm.C02.CSV,East,B,1,2,6/16/2021,Maybe
AcroGarden/Flow/FlowCytometry/East_06_2021/EastAB_June6_2021-08-12_at_07-25-45pm.C03.CSV,East,B,2,1,6/16/2021,Maybe
AcroGarden/Flow/FlowCytometry/East_06_2021/EastAB_June6_2021-08-12_at_07-25-45pm.C04.CSV,East,B,2,2,6/16/2021,Maybe
AcroGarden/Flow/FlowCytometry/East_06_2021/EastAB_June6_2021-08-12_at_07-25-45pm.C05.CSV,East,B,3,1,6/16/2021,Maybe
AcroGarden/Flow/FlowCytometry/East_06_2021/EastAB_June6_2021-08-12_at_07-25-45pm.C06.CSV,East,B,3,2,6/16/2021,Maybe
AcroGarden/Flow/FlowCytometry/East_06_2021/EastAB_June6_2021-08-12_at_07-25-45pm.C07.CSV,East,B,4,1,6/16/2021,Maybe
AcroGarden/Flow/FlowCytometry/East_06_2021/EastAB_June6_2021-08-12_at_07-25-45pm.C08.CSV,East,B,4,2,6/16/2021,Maybe
AcroGarden/Flow/FlowCytometry/East_06_2021/EastAB_June6_2021-08-12_at_07-25-45pm.C09.CSV,East,B,5,1,6/16/2021,Maybe
AcroGarden/Flow/FlowCytometry/East_06_2021/EastAB_June6_2021-08-12_at_07-25-45pm.C10.CSV,East,B,5,2,6/16/2021,Maybe
AcroGarden/Flow/FlowCytometry/East_06_2021/EastAB_June6_2021-08-12_at_07-25-45pm.D01.CSV,East,B,6,1,6/16/2021,Maybe
AcroGarden/Flow/FlowCytometry/East_06_2021/EastAB_June6_2021-08-12_at_07-25-45pm.D02.CSV,East,B,6,2,6/16/2021,Maybe
AcroGarden/Flow/FlowCytometry/East_06_2021/EastAB_June6_2021-08-12_at_07-25-45pm.D03.CSV,East,B,7,1,6/16/2021,Maybe
AcroGarden/Flow/FlowCytometry/East_06_2021/EastAB_June6_2021-08-12_at_07-25-45pm.D04.CSV,East,B,7,2,6/16/2021,Maybe
AcroGarden/Flow/FlowCytometry/East_06_2021/EastAB_June6_2021-08-12_at_07-25-45pm.D05.CSV,East,B,8,1,6/16/2021,Maybe
AcroGarden/Flow/FlowCytometry/East_06_2021/EastAB_June6_2021-08-12_at_07-25-45pm.D06.CSV,East,B,8,2,6/16/2021,Maybe
AcroGarden/Flow/FlowCytometry/East_06_2021/EastAB_June6_2021-08-12_at_07-25-45pm.D07.CSV,East,B,9,1,6/16/2021,Maybe
AcroGarden/Flow/FlowCytometry/East_06_2021/EastAB_June6_2021-08-12_at_07-25-45pm.D08.CSV,East,B,9,2,6/16/2021,Maybe
AcroGarden/Flow/FlowCytometry/East_06_2021/EastAB_June6_2021-08-12_at_07-25-45pm.D09.CSV,East,B,10,1,6/16/2021,Maybe
AcroGarden/Flow/FlowCytometry/East_06_2021/EastAB_June6_2021-08-12_at_07-25-45pm.D10.CSV,East,B,10,2,6/16/2021,Maybe
AcroGarden/Flow/FlowCytometry/East_06_2021/EastAB_June6_2021-08-12_at_07-25-45pm.E01.CSV,East,A,1,1,6/16/2021,Maybe
AcroGarden/Flow/FlowCytometry/East_06_2021/EastAB_June6_2021-08-12_at_07-25-45pm.E02.CSV,East,A,1,2,6/16/2021,Maybe
AcroGarden/Flow/FlowCytometry/East_06_2021/EastAB_June6_2021-08-12_at_07-25-45pm.E03.CSV,East,A,2,1,6/16/2021,Maybe
AcroGarden/Flow/FlowCytometry/East_06_2021/EastAB_June6_2021-08-12_at_07-25-45pm.E04.CSV,East,A,2,2,6/16/2021,Maybe
AcroGarden/Flow/FlowCytometry/East_06_2021/EastAB_June6_2021-08-12_at_07-25-45pm.E05.CSV,East,A,3,1,6/16/2021,Maybe
AcroGarden/Flow/FlowCytometry/East_06_2021/EastAB_June6_2021-08-12_at_07-25-45pm.E06.CSV,East,A,3,2,6/16/2021,Maybe
AcroGarden/Flow/FlowCytometry/East_06_2021/EastAB_June6_2021-08-12_at_07-25-45pm.E07.CSV,East,A,4,1,6/16/2021,Maybe
AcroGarden/Flow/FlowCytometry/East_06_2021/EastAB_June6_2021-08-12_at_07-25-45pm.E08.CSV,East,A,4,2,6/16/2021,Maybe
AcroGarden/Flow/FlowCytometry/East_06_2021/EastAB_June6_2021-08-12_at_07-25-45pm.E09.CSV,East,A,5,1,6/16/2021,Maybe
AcroGarden/Flow/FlowCytometry/East_06_2021/EastAB_June6_2021-08-12_at_07-25-45pm.E10.CSV,East,A,5,2,6/16/2021,Maybe
AcroGarden/Flow/FlowCytometry/Source_May_WestA_June6_2021/Source_May_WestA_June6_2021.F01.CSV,West,A,1,1,6/16/2021,No
AcroGarden/Flow/FlowCytometry/Source_May_WestA_June6_2021/Source_May_WestA_June6_2021.F02.CSV,West,A,2,1,6/16/2021,No
AcroGarden/Flow/FlowCytometry/Source_May_WestA_June6_2021/Source_May_WestA_June6_2021.F03.CSV,West,A,3,1,6/16/2021,No
AcroGarden/Flow/FlowCytometry/Source_May_WestA_June6_2021/Source_May_WestA_June6_2021.F04.CSV,West,A,4,1,6/16/2021,No
AcroGarden/Flow/FlowCytometry/Source_May_WestA_June6_2021/Source_May_WestA_June6_2021.F05.CSV,West,A,5,1,6/16/2021,No
AcroGarden/Flow/FlowCytometry/Source_May_WestA_June6_2021/Source_May_WestA_June6_2021.F06.CSV,West,A,6,1,6/16/2021,No
AcroGarden/Flow/FlowCytometry/Source_May_WestA_June6_2021/Source_May_WestA_June6_2021.F07.CSV,West,A,7,1,6/16/2021,No
AcroGarden/Flow/FlowCytometry/Source_May_WestA_June6_2021/Source_May_WestA_June6_2021.F08.CSV,West,A,8,1,6/16/2021,No
AcroGarden/Flow/FlowCytometry/Source_May_WestA_June6_2021/Source_May_WestA_June6_2021.F09.CSV,West,A,9,1,6/16/2021,No
AcroGarden/Flow/FlowCytometry/Source_May_WestA_June6_2021/Source_May_WestA_June6_2021.F10.CSV,West,A,10,1,6/16/2021,No
AcroGarden/Flow/FlowCytometry/Source_May_WestA_June6_2021/Source_May_WestA_June6_2021.G01.CSV,West,A,1,2,6/16/2021,No
AcroGarden/Flow/FlowCytometry/Source_May_WestA_June6_2021/Source_May_WestA_June6_2021.G02.CSV,West,A,2,2,6/16/2021,No
AcroGarden/Flow/FlowCytometry/Source_May_WestA_June6_2021/Source_May_WestA_June6_2021.G03.CSV,West,A,3,2,6/16/2021,No
AcroGarden/Flow/FlowCytometry/Source_May_WestA_June6_2021/Source_May_WestA_June6_2021.G04.CSV,West,A,4,2,6/16/2021,No
AcroGarden/Flow/FlowCytometry/Source_May_WestA_June6_2021/Source_May_WestA_June6_2021.G05.CSV,West,A,5,2,6/16/2021,No
AcroGarden/Flow/FlowCytometry/Source_May_WestA_June6_2021/Source_May_WestA_June6_2021.G06.CSV,West,A,6,2,6/16/2021,No
AcroGarden/Flow/FlowCytometry/Source_May_WestA_June6_2021/Source_May_WestA_June6_2021.G07.CSV,West,A,7,2,6/16/2021,No
AcroGarden/Flow/FlowCytometry/Source_May_WestA_June6_2021/Source_May_WestA_June6_2021.G08.CSV,West,A,8,2,6/16/2021,No
AcroGarden/Flow/FlowCytometry/Source_May_WestA_June6_2021/Source_May_WestA_June6_2021.G09.CSV,West,A,9,2,6/16/2021,No
AcroGarden/Flow/FlowCytometry/Source_May_WestA_June6_2021/Source_May_WestA_June6_2021.G10.CSV,West,A,10,2,6/16/2021,No
AcroGarden/Flow/FlowCytometry/WestandEast_06_2021/WABEAB_June16_2021_REDONE_2022-09-14_at_04-55-47pm.A01.CSV,West,A,3,1,6/16/2021,Yes
AcroGarden/Flow/FlowCytometry/WestandEast_06_2021/WABEAB_June16_2021_REDONE_2022-09-14_at_04-55-47pm.A02.CSV,West,A,3,2,6/16/2021,Yes
AcroGarden/Flow/FlowCytometry/WestandEast_06_2021/WABEAB_June16_2021_REDONE_2022-09-14_at_04-55-47pm.A03.CSV,West,A,5,1,6/16/2021,Yes
AcroGarden/Flow/FlowCytometry/WestandEast_06_2021/WABEAB_June16_2021_REDONE_2022-09-14_at_04-55-47pm.A04.CSV,West,A,5,2,6/16/2021,Yes
AcroGarden/Flow/FlowCytometry/WestandEast_06_2021/WABEAB_June16_2021_REDONE_2022-09-14_at_04-55-47pm.A05.CSV,West,A,7,1,6/16/2021,Yes
AcroGarden/Flow/FlowCytometry/WestandEast_06_2021/WABEAB_June16_2021_REDONE_2022-09-14_at_04-55-47pm.A06.CSV,West,A,7,2,6/16/2021,Yes
AcroGarden/Flow/FlowCytometry/WestandEast_06_2021/WABEAB_June16_2021_REDONE_2022-09-14_at_04-55-47pm.A07.CSV,West,B,1,1,6/16/2021,Yes
AcroGarden/Flow/FlowCytometry/WestandEast_06_2021/WABEAB_June16_2021_REDONE_2022-09-14_at_04-55-47pm.A08.CSV,West,B,1,2,6/16/2021,Yes
AcroGarden/Flow/FlowCytometry/WestandEast_06_2021/WABEAB_June16_2021_REDONE_2022-09-14_at_04-55-47pm.A09.CSV,West,B,3,1,6/16/2021,Yes
AcroGarden/Flow/FlowCytometry/WestandEast_06_2021/WABEAB_June16_2021_REDONE_2022-09-14_at_04-55-47pm.A10.CSV,West,B,3,2,6/16/2021,Yes
AcroGarden/Flow/FlowCytometry/WestandEast_06_2021/WABEAB_June16_2021_REDONE_2022-09-14_at_04-55-47pm.A11.CSV,West,B,6,1,6/16/2021,Yes
AcroGarden/Flow/FlowCytometry/WestandEast_06_2021/WABEAB_June16_2021_REDONE_2022-09-14_at_04-55-47pm.A12.CSV,West,B,6,2,6/16/2021,Yes
AcroGarden/Flow/FlowCytometry/WestandEast_06_2021/WABEAB_June16_2021_REDONE_2022-09-14_at_04-55-47pm.B01.CSV,West,B,7,1,6/16/2021,Yes
AcroGarden/Flow/FlowCytometry/WestandEast_06_2021/WABEAB_June16_2021_REDONE_2022-09-14_at_04-55-47pm.B02.CSV,West,B,7,2,6/16/2021,Yes
AcroGarden/Flow/FlowCytometry/WestandEast_06_2021/WABEAB_June16_2021_REDONE_2022-09-14_at_04-55-47pm.B03.CSV,West,B,9,1,6/16/2021,Yes
AcroGarden/Flow/FlowCytometry/WestandEast_06_2021/WABEAB_June16_2021_REDONE_2022-09-14_at_04-55-47pm.B04.CSV,West,B,9,2,6/16/2021,Yes
AcroGarden/Flow/FlowCytometry/WestandEast_06_2021/WABEAB_June16_2021_REDONE_2022-09-14_at_04-55-47pm.B05.CSV,West,B,10,1,6/16/2021,Yes
AcroGarden/Flow/FlowCytometry/WestandEast_06_2021/WABEAB_June16_2021_REDONE_2022-09-14_at_04-55-47pm.B06.CSV,West,B,10,2,6/16/2021,Yes
AcroGarden/Flow/FlowCytometry/WestandEast_06_2021/WABEAB_June16_2021_REDONE_2022-09-14_at_04-55-47pm.B07.CSV,East,B,1,1,6/16/2021,Yes
AcroGarden/Flow/FlowCytometry/WestandEast_06_2021/WABEAB_June16_2021_REDONE_2022-09-14_at_04-55-47pm.B08.CSV,East,B,1,2,6/16/2021,Yes
AcroGarden/Flow/FlowCytometry/WestandEast_06_2021/WABEAB_June16_2021_REDONE_2022-09-14_at_04-55-47pm.B09.CSV,East,B,4,1,6/16/2021,Yes
AcroGarden/Flow/FlowCytometry/WestandEast_06_2021/WABEAB_June16_2021_REDONE_2022-09-14_at_04-55-47pm.B10.CSV,East,B,4,2,6/16/2021,Yes
AcroGarden/Flow/FlowCytometry/WestandEast_06_2021/WABEAB_June16_2021_REDONE_2022-09-14_at_04-55-47pm.B11.CSV,East,B,5,1,6/16/2021,Yes
AcroGarden/Flow/FlowCytometry/WestandEast_06_2021/WABEAB_June16_2021_REDONE_2022-09-14_at_04-55-47pm.B12.CSV,East,B,5,2,6/16/2021,Yes
AcroGarden/Flow/FlowCytometry/WestandEast_06_2021/WABEAB_June16_2021_REDONE_2022-09-14_at_04-55-47pm.C01.CSV,East,B,6,1,6/16/2021,Yes
AcroGarden/Flow/FlowCytometry/WestandEast_06_2021/WABEAB_June16_2021_REDONE_2022-09-14_at_04-55-47pm.C02.CSV,East,B,6,2,6/16/2021,Yes
AcroGarden/Flow/FlowCytometry/WestandEast_06_2021/WABEAB_June16_2021_REDONE_2022-09-14_at_04-55-47pm.C03.CSV,East,B,8,1,6/16/2021,Yes
AcroGarden/Flow/FlowCytometry/WestandEast_06_2021/WABEAB_June16_2021_REDONE_2022-09-14_at_04-55-47pm.C04.CSV,East,B,8,2,6/16/2021,Yes
AcroGarden/Flow/FlowCytometry/WestandEast_06_2021/WABEAB_June16_2021_REDONE_2022-09-14_at_04-55-47pm.C05.CSV,East,B,10,1,6/16/2021,Yes
AcroGarden/Flow/FlowCytometry/WestandEast_06_2021/WABEAB_June16_2021_REDONE_2022-09-14_at_04-55-47pm.C06.CSV,East,B,10,2,6/16/2021,Yes
AcroGarden/Flow/FlowCytometry/WestandEast_06_2021/WABEAB_June16_2021_REDONE_2022-09-14_at_04-55-47pm.C07.CSV,East,A,1,1,6/16/2021,Yes
AcroGarden/Flow/FlowCytometry/WestandEast_06_2021/WABEAB_June16_2021_REDONE_2022-09-14_at_04-55-47pm.C08.CSV,East,A,1,2,6/16/2021,Yes
AcroGarden/Flow/FlowCytometry/WestandEast_06_2021/WABEAB_June16_2021_REDONE_2022-09-14_at_04-55-47pm.C09.CSV,East,A,2,1,6/16/2021,Yes
AcroGarden/Flow/FlowCytometry/WestandEast_06_2021/WABEAB_June16_2021_REDONE_2022-09-14_at_04-55-47pm.C10.CSV,East,A,2,2,6/16/2021,Yes
AcroGarden/Flow/FlowCytometry/WestandEast_06_2021/WABEAB_June16_2021_REDONE_2022-09-14_at_04-55-47pm.C11.CSV,East,A,4,1,6/16/2021,Yes
AcroGarden/Flow/FlowCytometry/WestandEast_06_2021/WABEAB_June16_2021_REDONE_2022-09-14_at_04-55-47pm.C12.CSV,East,A,4,2,6/16/2021,Yes
AcroGarden/Flow/FlowCytometry/WestandEast_06_2021/WABEAB_June16_2021_REDONE_2022-09-14_at_04-55-47pm.D01.CSV,East,A,5,1,6/16/2021,Yes
AcroGarden/Flow/FlowCytometry/WestandEast_06_2021/WABEAB_June16_2021_REDONE_2022-09-14_at_04-55-47pm.D02.CSV,East,A,5,2,6/16/2021,Yes
AcroGarden/Flow/FlowCytometry/WestandEast_06_2021/WABEAB_June16_2021_REDONE_2022-09-14_at_04-55-47pm.D03.CSV,East,A,6,1,6/16/2021,Yes
AcroGarden/Flow/FlowCytometry/WestandEast_06_2021/WABEAB_June16_2021_REDONE_2022-09-14_at_04-55-47pm.D04.CSV,East,A,6,2,6/16/2021,Yes
AcroGarden/Flow/FlowCytometry/WestandEast_06_2021/WABEAB_June16_2021_REDONE_2022-09-14_at_04-55-47pm.D05.CSV,East,A,7,1,6/16/2021,Yes
AcroGarden/Flow/FlowCytometry/WestandEast_06_2021/WABEAB_June16_2021_REDONE_2022-09-14_at_04-55-47pm.D06.CSV,East,A,7,2,6/16/2021,Yes
AcroGarden/Flow/FlowCytometry/WestandEast_06_2021/WABEAB_June16_2021_REDONE_2022-09-14_at_04-55-47pm.D07.CSV,East,A,8,1,6/16/2021,Yes
AcroGarden/Flow/FlowCytometry/WestandEast_06_2021/WABEAB_June16_2021_REDONE_2022-09-14_at_04-55-47pm.D08.CSV,East,A,8,2,6/16/2021,Yes
AcroGarden/Flow/FlowCytometry/WestandEast_06_2021/WABEAB_June16_2021_REDONE_2022-09-14_at_04-55-47pm.D09.CSV,East,A,9,1,6/16/2021,Yes
AcroGarden/Flow/FlowCytometry/WestandEast_06_2021/WABEAB_June16_2021_REDONE_2022-09-14_at_04-55-47pm.D10.CSV,East,A,9,2,6/16/2021,Yes
AcroGarden/Flow/FlowCytometry/WestandEast_06_2021/WABEAB_June16_2021_REDONE_2022-09-14_at_04-55-47pm.D11.CSV,East,A,10,1,6/16/2021,Yes
AcroGarden/Flow/FlowCytometry/WestandEast_06_2021/WABEAB_June16_2021_REDONE_2022-09-14_at_04-55-47pm.D12.CSV,East,A,10,2,6/16/2021,Yes
AcroGarden/Flow/FlowCytometry/Source_08_2021/List_Lum_T2_2021-10-17_at_01-18-48pm.A01.CSV,Luminao,A,1,1,8/4/2021,Yes
AcroGarden/Flow/FlowCytometry/Source_08_2021/List_Lum_T2_2021-10-17_at_01-18-48pm.A02.CSV,Luminao,A,1,2,8/4/2021,Yes
AcroGarden/Flow/FlowCytometry/Source_08_2021/List_Lum_T2_2021-10-17_at_01-18-48pm.A03.CSV,Luminao,A,1,3,8/4/2021,Yes
AcroGarden/Flow/FlowCytometry/Source_08_2021/List_Lum_T2_2021-10-17_at_01-18-48pm.A04.CSV,Luminao,A,1,4,8/4/2021,Yes
AcroGarden/Flow/FlowCytometry/Source_08_2021/List_Lum_T2_2021-10-17_at_01-18-48pm.A05.CSV,Luminao,A,2,1,8/4/2021,Yes
AcroGarden/Flow/FlowCytometry/Source_08_2021/List_Lum_T2_2021-10-17_at_01-18-48pm.A06.CSV,Luminao,A,2,2,8/4/2021,Yes
AcroGarden/Flow/FlowCytometry/Source_08_2021/List_Lum_T2_2021-10-17_at_01-18-48pm.A07.CSV,Luminao,A,2,3,8/4/2021,Yes
AcroGarden/Flow/FlowCytometry/Source_08_2021/List_Lum_T2_2021-10-17_at_01-18-48pm.A08.CSV,Luminao,A,2,4,8/4/2021,Yes
AcroGarden/Flow/FlowCytometry/Source_08_2021/List_Lum_T2_2021-10-17_at_01-18-48pm.A09.CSV,Luminao,A,3,1,8/4/2021,Yes
AcroGarden/Flow/FlowCytometry/Source_08_2021/List_Lum_T2_2021-10-17_at_01-18-48pm.A10.CSV,Luminao,A,3,2,8/4/2021,Yes
AcroGarden/Flow/FlowCytometry/Source_08_2021/List_Lum_T2_2021-10-17_at_01-18-48pm.A11.CSV,Luminao,A,3,3,8/4/2021,Yes
AcroGarden/Flow/FlowCytometry/Source_08_2021/List_Lum_T2_2021-10-17_at_01-18-48pm.A12.CSV,Luminao,A,3,4,8/4/2021,Yes
AcroGarden/Flow/FlowCytometry/Source_08_2021/List_Lum_T2_2021-10-17_at_01-18-48pm.B01.CSV,Luminao,B,4,1,8/4/2021,Yes
AcroGarden/Flow/FlowCytometry/Source_08_2021/List_Lum_T2_2021-10-17_at_01-18-48pm.B02.CSV,Luminao,B,4,2,8/4/2021,Yes
AcroGarden/Flow/FlowCytometry/Source_08_2021/List_Lum_T2_2021-10-17_at_01-18-48pm.B03.CSV,Luminao,B,4,3,8/4/2021,Yes
AcroGarden/Flow/FlowCytometry/Source_08_2021/List_Lum_T2_2021-10-17_at_01-18-48pm.B04.CSV,Luminao,B,4,4,8/4/2021,Yes
AcroGarden/Flow/FlowCytometry/Source_08_2021/List_Lum_T2_2021-10-17_at_01-18-48pm.B05.CSV,Luminao,B,5,1,8/4/2021,Yes
AcroGarden/Flow/FlowCytometry/Source_08_2021/List_Lum_T2_2021-10-17_at_01-18-48pm.B06.CSV,Luminao,B,5,2,8/4/2021,Yes
AcroGarden/Flow/FlowCytometry/Source_08_2021/List_Lum_T2_2021-10-17_at_01-18-48pm.B07.CSV,Luminao,B,5,3,8/4/2021,Yes
AcroGarden/Flow/FlowCytometry/Source_08_2021/List_Lum_T2_2021-10-17_at_01-18-48pm.B08.CSV,Luminao,B,5,4,8/4/2021,Yes
AcroGarden/Flow/FlowCytometry/Source_08_2021/List_Lum_T2_2021-10-17_at_01-18-48pm.B09.CSV,Luminao,B,6,1,8/4/2021,Yes
AcroGarden/Flow/FlowCytometry/Source_08_2021/List_Lum_T2_2021-10-17_at_01-18-48pm.B10.CSV,Luminao,B,6,2,8/4/2021,Yes
AcroGarden/Flow/FlowCytometry/Source_08_2021/List_Lum_T2_2021-10-17_at_01-18-48pm.B11.CSV,Luminao,B,6,3,8/4/2021,Yes
AcroGarden/Flow/FlowCytometry/Source_08_2021/List_Lum_T2_2021-10-17_at_01-18-48pm.B12.CSV,Luminao,B,6,4,8/4/2021,Yes
AcroGarden/Flow/FlowCytometry/Source_08_2021/List_Lum_T2_2021-10-17_at_01-18-48pm.C01.CSV,Luminao,C,7,1,8/4/2021,Yes
AcroGarden/Flow/FlowCytometry/Source_08_2021/List_Lum_T2_2021-10-17_at_01-18-48pm.C02.CSV,Luminao,C,7,2,8/4/2021,Yes
AcroGarden/Flow/FlowCytometry/Source_08_2021/List_Lum_T2_2021-10-17_at_01-18-48pm.C03.CSV,Luminao,C,7,3,8/4/2021,Yes
AcroGarden/Flow/FlowCytometry/Source_08_2021/List_Lum_T2_2021-10-17_at_01-18-48pm.C04.CSV,Luminao,C,7,4,8/4/2021,Yes
AcroGarden/Flow/FlowCytometry/Source_08_2021/List_Lum_T2_2021-10-17_at_01-18-48pm.C05.CSV,Luminao,C,8,1,8/4/2021,Yes
AcroGarden/Flow/FlowCytometry/Source_08_2021/List_Lum_T2_2021-10-17_at_01-18-48pm.C06.CSV,Luminao,C,8,2,8/4/2021,Yes
AcroGarden/Flow/FlowCytometry/Source_08_2021/List_Lum_T2_2021-10-17_at_01-18-48pm.C07.CSV,Luminao,C,8,3,8/4/2021,Yes
AcroGarden/Flow/FlowCytometry/Source_08_2021/List_Lum_T2_2021-10-17_at_01-18-48pm.C08.CSV,Luminao,C,8,4,8/4/2021,Yes
AcroGarden/Flow/FlowCytometry/Source_08_2021/List_Lum_T2_2021-10-17_at_01-18-48pm.C09.CSV,Luminao,C,9,1,8/4/2021,Yes
AcroGarden/Flow/FlowCytometry/Source_08_2021/List_Lum_T2_2021-10-17_at_01-18-48pm.C10.CSV,Luminao,C,9,2,8/4/2021,Yes
AcroGarden/Flow/FlowCytometry/Source_08_2021/List_Lum_T2_2021-10-17_at_01-18-48pm.C11.CSV,Luminao,C,9,3,8/4/2021,Yes
AcroGarden/Flow/FlowCytometry/Source_08_2021/List_Lum_T2_2021-10-17_at_01-18-48pm.C12.CSV,Luminao,C,9,4,8/4/2021,Yes
AcroGarden/Flow/FlowCytometry/Source_08_2021/List_Lum_T2_2021-10-17_at_01-18-48pm.D01.CSV,Luminao,D,10,1,8/4/2021,Yes
AcroGarden/Flow/FlowCytometry/Source_08_2021/List_Lum_T2_2021-10-17_at_01-18-48pm.D02.CSV,Luminao,D,10,2,8/4/2021,Yes
AcroGarden/Flow/FlowCytometry/Source_08_2021/List_Lum_T2_2021-10-17_at_01-18-48pm.D03.CSV,Luminao,D,10,3,8/4/2021,Yes
AcroGarden/Flow/FlowCytometry/Source_08_2021/List_Lum_T2_2021-10-17_at_01-18-48pm.D04.CSV,Luminao,D,10,4,8/4/2021,Yes
AcroGarden/Flow/FlowCytometry/Source_08_2021/List_Lum_T2_2021-10-17_at_01-18-48pm.D05.CSV,Luminao,D,11,1,8/4/2021,Yes
AcroGarden/Flow/FlowCytometry/Source_08_2021/List_Lum_T2_2021-10-17_at_01-18-48pm.D06.CSV,Luminao,D,11,2,8/4/2021,Yes
AcroGarden/Flow/FlowCytometry/Source_08_2021/List_Lum_T2_2021-10-17_at_01-18-48pm.D07.CSV,Luminao,D,11,3,8/4/2021,Yes
AcroGarden/Flow/FlowCytometry/Source_08_2021/List_Lum_T2_2021-10-17_at_01-18-48pm.D08.CSV,Luminao,D,11,4,8/4/2021,Yes
AcroGarden/Flow/FlowCytometry/Source_08_2021/List_Lum_T2_2021-10-17_at_01-18-48pm.D09.CSV,Luminao,D,12,1,8/4/2021,Yes
AcroGarden/Flow/FlowCytometry/Source_08_2021/List_Lum_T2_2021-10-17_at_01-18-48pm.D10.CSV,Luminao,D,12,2,8/4/2021,Yes
AcroGarden/Flow/FlowCytometry/Source_08_2021/List_Lum_T2_2021-10-17_at_01-18-48pm.D11.CSV,Luminao,D,12,3,8/4/2021,Yes
AcroGarden/Flow/FlowCytometry/Source_08_2021/List_Lum_T2_2021-10-17_at_01-18-48pm.D12.CSV,Luminao,D,12,4,8/4/2021,Yes
AcroGarden/Flow/FlowCytometry/East_09_2021/EastAB_September30_2021_2022-01-26_at_01-58-22pm.A01.CSV,East,A,1,1,9/30/2021,Yes
AcroGarden/Flow/FlowCytometry/East_09_2021/EastAB_September30_2021_2022-01-26_at_01-58-22pm.A02.CSV,East,A,1,2,9/30/2021,Yes
AcroGarden/Flow/FlowCytometry/East_09_2021/EastAB_September30_2021_2022-01-26_at_01-58-22pm.A03.CSV,East,A,2,1,9/30/2021,Yes
AcroGarden/Flow/FlowCytometry/East_09_2021/EastAB_September30_2021_2022-01-26_at_01-58-22pm.A04.CSV,East,A,2,2,9/30/2021,Yes
AcroGarden/Flow/FlowCytometry/East_09_2021/EastAB_September30_2021_2022-01-26_at_01-58-22pm.A05.CSV,East,A,3,1,9/30/2021,Yes
AcroGarden/Flow/FlowCytometry/East_09_2021/EastAB_September30_2021_2022-01-26_at_01-58-22pm.A06.CSV,East,A,3,2,9/30/2021,Yes
AcroGarden/Flow/FlowCytometry/East_09_2021/EastAB_September30_2021_2022-01-26_at_01-58-22pm.A07.CSV,East,A,4,2,9/30/2021,Yes
AcroGarden/Flow/FlowCytometry/East_09_2021/EastAB_September30_2021_2022-01-26_at_01-58-22pm.A08.CSV,East,A,4,1,9/30/2021,Yes
AcroGarden/Flow/FlowCytometry/East_09_2021/EastAB_September30_2021_2022-01-26_at_01-58-22pm.A09.CSV,East,A,5,2,9/30/2021,Yes
AcroGarden/Flow/FlowCytometry/East_09_2021/EastAB_September30_2021_2022-01-26_at_01-58-22pm.A10.CSV,East,A,5,1,9/30/2021,Yes
AcroGarden/Flow/FlowCytometry/East_09_2021/EastAB_September30_2021_2022-01-26_at_01-58-22pm.B01.CSV,East,A,6,2,9/30/2021,Yes
AcroGarden/Flow/FlowCytometry/East_09_2021/EastAB_September30_2021_2022-01-26_at_01-58-22pm.B02.CSV,East,A,6,1,9/30/2021,Yes
AcroGarden/Flow/FlowCytometry/East_09_2021/EastAB_September30_2021_2022-01-26_at_01-58-22pm.B03.CSV,East,A,7,2,9/30/2021,Yes
AcroGarden/Flow/FlowCytometry/East_09_2021/EastAB_September30_2021_2022-01-26_at_01-58-22pm.B04.CSV,East,A,7,1,9/30/2021,Yes
AcroGarden/Flow/FlowCytometry/East_09_2021/EastAB_September30_2021_2022-01-26_at_01-58-22pm.B05.CSV,East,A,8,1,9/30/2021,Yes
AcroGarden/Flow/FlowCytometry/East_09_2021/EastAB_September30_2021_2022-01-26_at_01-58-22pm.B06.CSV,East,A,8,2,9/30/2021,Yes
AcroGarden/Flow/FlowCytometry/East_09_2021/EastAB_September30_2021_2022-01-26_at_01-58-22pm.B07.CSV,East,A,9,1,9/30/2021,Yes
AcroGarden/Flow/FlowCytometry/East_09_2021/EastAB_September30_2021_2022-01-26_at_01-58-22pm.B08.CSV,East,A,9,2,9/30/2021,Yes
AcroGarden/Flow/FlowCytometry/East_09_2021/EastAB_September30_2021_2022-01-26_at_01-58-22pm.B09.CSV,East,A,10,1,9/30/2021,Yes
AcroGarden/Flow/FlowCytometry/East_09_2021/EastAB_September30_2021_2022-01-26_at_01-58-22pm.B10.CSV,East,A,10,2,9/30/2021,Yes
AcroGarden/Flow/FlowCytometry/East_09_2021/EastAB_September30_2021_2022-01-26_at_01-58-22pm.C01.CSV,East,B,1,1,9/30/2021,Yes
AcroGarden/Flow/FlowCytometry/East_09_2021/EastAB_September30_2021_2022-01-26_at_01-58-22pm.C02.CSV,East,B,1,2,9/30/2021,Yes
AcroGarden/Flow/FlowCytometry/East_09_2021/EastAB_September30_2021_2022-01-26_at_01-58-22pm.C03.CSV,East,B,2,1,9/30/2021,Yes
AcroGarden/Flow/FlowCytometry/East_09_2021/EastAB_September30_2021_2022-01-26_at_01-58-22pm.C04.CSV,East,B,2,2,9/30/2021,Yes
AcroGarden/Flow/FlowCytometry/East_09_2021/EastAB_September30_2021_2022-01-26_at_01-58-22pm.C05.CSV,East,B,3,1,9/30/2021,Yes
AcroGarden/Flow/FlowCytometry/East_09_2021/EastAB_September30_2021_2022-01-26_at_01-58-22pm.C06.CSV,East,B,3,2,9/30/2021,Yes
AcroGarden/Flow/FlowCytometry/East_09_2021/EastAB_September30_2021_2022-01-26_at_01-58-22pm.C07.CSV,East,B,4,1,9/30/2021,Yes
AcroGarden/Flow/FlowCytometry/East_09_2021/EastAB_September30_2021_2022-01-26_at_01-58-22pm.C08.CSV,East,B,4,2,9/30/2021,Yes
AcroGarden/Flow/FlowCytometry/East_09_2021/EastAB_September30_2021_2022-01-26_at_01-58-22pm.C09.CSV,East,B,5,1,9/30/2021,Yes
AcroGarden/Flow/FlowCytometry/East_09_2021/EastAB_September30_2021_2022-01-26_at_01-58-22pm.C10.CSV,East,B,5,2,9/30/2021,Yes
AcroGarden/Flow/FlowCytometry/East_09_2021/EastAB_September30_2021_2022-01-26_at_01-58-22pm.D01.CSV,East,B,6,1,9/30/2021,Yes
AcroGarden/Flow/FlowCytometry/East_09_2021/EastAB_September30_2021_2022-01-26_at_01-58-22pm.D02.CSV,East,B,6,2,9/30/2021,Yes
AcroGarden/Flow/FlowCytometry/East_09_2021/EastAB_September30_2021_2022-01-26_at_01-58-22pm.D03.CSV,East,B,7,1,9/30/2021,Yes
AcroGarden/Flow/FlowCytometry/East_09_2021/EastAB_September30_2021_2022-01-26_at_01-58-22pm.D04.CSV,East,B,7,2,9/30/2021,Yes
AcroGarden/Flow/FlowCytometry/East_09_2021/EastAB_September30_2021_2022-01-26_at_01-58-22pm.D05.CSV,East,B,8,1,9/30/2021,Yes
AcroGarden/Flow/FlowCytometry/East_09_2021/EastAB_September30_2021_2022-01-26_at_01-58-22pm.D06.CSV,East,B,8,2,9/30/2021,Yes
AcroGarden/Flow/FlowCytometry/East_09_2021/EastAB_September30_2021_2022-01-26_at_01-58-22pm.D07.CSV,East,B,9,1,9/30/2021,Yes
AcroGarden/Flow/FlowCytometry/East_09_2021/EastAB_September30_2021_2022-01-26_at_01-58-22pm.D08.CSV,East,B,9,2,9/30/2021,Yes
AcroGarden/Flow/FlowCytometry/East_09_2021/EastAB_September30_2021_2022-01-26_at_01-58-22pm.D09.CSV,East,B,10,1,9/30/2021,Yes
AcroGarden/Flow/FlowCytometry/East_09_2021/EastAB_September30_2021_2022-01-26_at_01-58-22pm.D10.CSV,East,B,10,2,9/30/2021,Yes
AcroGarden/Flow/FlowCytometry/East_03_2022/EastAB_March11_2022-09-07_at_03-06-11pm.A01.CSV,East,A,1,1,3/11/2022,Yes
AcroGarden/Flow/FlowCytometry/East_03_2022/EastAB_March11_2022-09-07_at_03-06-11pm.A02.CSV,East,A,1,2,3/11/2022,Yes
AcroGarden/Flow/FlowCytometry/East_03_2022/EastAB_March11_2022-09-07_at_03-06-11pm.A03.CSV,East,A,2,1,3/11/2022,Yes
AcroGarden/Flow/FlowCytometry/East_03_2022/EastAB_March11_2022-09-07_at_03-06-11pm.A04.CSV,East,A,2,2,3/11/2022,Yes
AcroGarden/Flow/FlowCytometry/East_03_2022/EastAB_March11_2022-09-07_at_03-06-11pm.A05.CSV,East,A,3,1,3/11/2022,Yes
AcroGarden/Flow/FlowCytometry/East_03_2022/EastAB_March11_2022-09-07_at_03-06-11pm.A06.CSV,East,A,3,2,3/11/2022,Yes
AcroGarden/Flow/FlowCytometry/East_03_2022/EastAB_March11_2022-09-07_at_03-06-11pm.A07.CSV,East,A,4,1,3/11/2022,Yes
AcroGarden/Flow/FlowCytometry/East_03_2022/EastAB_March11_2022-09-07_at_03-06-11pm.A08.CSV,East,A,4,2,3/11/2022,Yes
AcroGarden/Flow/FlowCytometry/East_03_2022/EastAB_March11_2022-09-07_at_03-06-11pm.A09.CSV,East,A,5,1,3/11/2022,Yes
AcroGarden/Flow/FlowCytometry/East_03_2022/EastAB_March11_2022-09-07_at_03-06-11pm.A10.CSV,East,A,5,2,3/11/2022,Yes
AcroGarden/Flow/FlowCytometry/East_03_2022/EastAB_March11_2022-09-07_at_03-06-11pm.B01.CSV,East,A,6,1,3/11/2022,Yes
AcroGarden/Flow/FlowCytometry/East_03_2022/EastAB_March11_2022-09-07_at_03-06-11pm.B02.CSV,East,A,6,2,3/11/2022,Yes
AcroGarden/Flow/FlowCytometry/East_03_2022/EastAB_March11_2022-09-07_at_03-06-11pm.B03.CSV,East,A,7,1,3/11/2022,Yes
AcroGarden/Flow/FlowCytometry/East_03_2022/EastAB_March11_2022-09-07_at_03-06-11pm.B04.CSV,East,A,7,2,3/11/2022,Yes
AcroGarden/Flow/FlowCytometry/East_03_2022/EastAB_March11_2022-09-07_at_03-06-11pm.B05.CSV,East,A,8,1,3/11/2022,Yes
AcroGarden/Flow/FlowCytometry/East_03_2022/EastAB_March11_2022-09-07_at_03-06-11pm.B06.CSV,East,A,8,2,3/11/2022,Yes
AcroGarden/Flow/FlowCytometry/East_03_2022/EastAB_March11_2022-09-07_at_03-06-11pm.B07.CSV,East,A,9,1,3/11/2022,Yes
AcroGarden/Flow/FlowCytometry/East_03_2022/EastAB_March11_2022-09-07_at_03-06-11pm.B08.CSV,East,A,9,2,3/11/2022,Yes
AcroGarden/Flow/FlowCytometry/East_03_2022/EastAB_March11_2022-09-07_at_03-06-11pm.B09.CSV,East,A,10,1,3/11/2022,Yes
AcroGarden/Flow/FlowCytometry/East_03_2022/EastAB_March11_2022-09-07_at_03-06-11pm.B10.CSV,East,A,10,2,3/11/2022,Yes
AcroGarden/Flow/FlowCytometry/East_03_2022/EastAB_March11_2022-09-07_at_03-06-11pm.C01.CSV,East,B,1,1,3/11/2022,Yes
AcroGarden/Flow/FlowCytometry/East_03_2022/EastAB_March11_2022-09-07_at_03-06-11pm.C02.CSV,East,B,1,2,3/11/2022,Yes
AcroGarden/Flow/FlowCytometry/East_03_2022/EastAB_March11_2022-09-07_at_03-06-11pm.C03.CSV,East,B,2,1,3/11/2022,Yes
AcroGarden/Flow/FlowCytometry/East_03_2022/EastAB_March11_2022-09-07_at_03-06-11pm.C04.CSV,East,B,2,2,3/11/2022,Yes
AcroGarden/Flow/FlowCytometry/East_03_2022/EastAB_March11_2022-09-07_at_03-06-11pm.C05.CSV,East,B,3,1,3/11/2022,Yes
AcroGarden/Flow/FlowCytometry/East_03_2022/EastAB_March11_2022-09-07_at_03-06-11pm.C06.CSV,East,B,3,2,3/11/2022,Yes
AcroGarden/Flow/FlowCytometry/East_03_2022/EastAB_March11_2022-09-07_at_03-06-11pm.C07.CSV,East,B,4,1,3/11/2022,Yes
AcroGarden/Flow/FlowCytometry/East_03_2022/EastAB_March11_2022-09-07_at_03-06-11pm.C08.CSV,East,B,4,2,3/11/2022,Yes
AcroGarden/Flow/FlowCytometry/East_03_2022/EastAB_March11_2022-09-07_at_03-06-11pm.C09.CSV,East,B,5,1,3/11/2022,Yes
AcroGarden/Flow/FlowCytometry/East_03_2022/EastAB_March11_2022-09-07_at_03-06-11pm.C10.CSV,East,B,5,2,3/11/2022,Yes
AcroGarden/Flow/FlowCytometry/East_03_2022/EastAB_March11_2022-09-07_at_03-06-11pm.D01.CSV,East,B,6,1,3/11/2022,Yes
AcroGarden/Flow/FlowCytometry/East_03_2022/EastAB_March11_2022-09-07_at_03-06-11pm.D02.CSV,East,B,6,2,3/11/2022,Yes
AcroGarden/Flow/FlowCytometry/East_03_2022/EastAB_March11_2022-09-07_at_03-06-11pm.D03.CSV,East,B,7,1,3/11/2022,Yes
AcroGarden/Flow/FlowCytometry/East_03_2022/EastAB_March11_2022-09-07_at_03-06-11pm.D04.CSV,East,B,7,2,3/11/2022,Yes
AcroGarden/Flow/FlowCytometry/East_03_2022/EastAB_March11_2022-09-07_at_03-06-11pm.D05.CSV,East,B,8,1,3/11/2022,Yes
AcroGarden/Flow/FlowCytometry/East_03_2022/EastAB_March11_2022-09-07_at_03-06-11pm.D06.CSV,East,B,8,2,3/11/2022,Yes
AcroGarden/Flow/FlowCytometry/East_03_2022/EastAB_March11_2022-09-07_at_03-06-11pm.D07.CSV,East,B,9,1,3/11/2022,Yes
AcroGarden/Flow/FlowCytometry/East_03_2022/EastAB_March11_2022-09-07_at_03-06-11pm.D08.CSV,East,B,9,2,3/11/2022,Yes
AcroGarden/Flow/FlowCytometry/East_03_2022/EastAB_March11_2022-09-07_at_03-06-11pm.D09.CSV,East,B,10,1,3/11/2022,Yes
AcroGarden/Flow/FlowCytometry/East_03_2022/EastAB_March11_2022-09-07_at_03-06-11pm.D10.CSV,East,B,10,2,3/11/2022,Yes
AcroGarden/Flow/FlowCytometry/East_03_2022/EastAB_March11_2022-09-07_at_03-06-11pm.E01.CSV,West,A,2,1,3/11/2022,Yes
AcroGarden/Flow/FlowCytometry/East_03_2022/EastAB_March11_2022-09-07_at_03-06-11pm.E02.CSV,West,A,2,2,3/11/2022,Yes
AcroGarden/Flow/FlowCytometry/West_03_2022/WestAB_March11_2022-08-31_at_01-43-12pm.A01.CSV,West,A,1,1,3/11/2022,Yes
AcroGarden/Flow/FlowCytometry/West_03_2022/WestAB_March11_2022-08-31_at_01-43-12pm.A02.CSV,West,A,1,2,3/11/2022,Yes
AcroGarden/Flow/FlowCytometry/West_03_2022/WestAB_March11_2022-08-31_at_01-43-12pm.A03.CSV,West,A,3,1,3/11/2022,Yes
AcroGarden/Flow/FlowCytometry/West_03_2022/WestAB_March11_2022-08-31_at_01-43-12pm.A04.CSV,West,A,3,2,3/11/2022,Yes
AcroGarden/Flow/FlowCytometry/West_03_2022/WestAB_March11_2022-08-31_at_01-43-12pm.A05.CSV,West,A,4,1,3/11/2022,Yes
AcroGarden/Flow/FlowCytometry/West_03_2022/WestAB_March11_2022-08-31_at_01-43-12pm.A06.CSV,West,A,4,2,3/11/2022,Yes
AcroGarden/Flow/FlowCytometry/West_03_2022/WestAB_March11_2022-08-31_at_01-43-12pm.A07.CSV,West,A,5,1,3/11/2022,Yes
AcroGarden/Flow/FlowCytometry/West_03_2022/WestAB_March11_2022-08-31_at_01-43-12pm.A08.CSV,West,A,5,2,3/11/2022,Yes
AcroGarden/Flow/FlowCytometry/West_03_2022/WestAB_March11_2022-08-31_at_01-43-12pm.A09.CSV,West,A,6,1,3/11/2022,Yes
AcroGarden/Flow/FlowCytometry/West_03_2022/WestAB_March11_2022-08-31_at_01-43-12pm.A10.CSV,West,A,6,2,3/11/2022,Yes
AcroGarden/Flow/FlowCytometry/West_03_2022/WestAB_March11_2022-08-31_at_01-43-12pm.B01.CSV,West,A,7,1,3/11/2022,Yes
AcroGarden/Flow/FlowCytometry/West_03_2022/WestAB_March11_2022-08-31_at_01-43-12pm.B02.CSV,West,A,7,2,3/11/2022,Yes
AcroGarden/Flow/FlowCytometry/West_03_2022/WestAB_March11_2022-08-31_at_01-43-12pm.B03.CSV,West,A,8,1,3/11/2022,Yes
AcroGarden/Flow/FlowCytometry/West_03_2022/WestAB_March11_2022-08-31_at_01-43-12pm.B04.CSV,West,A,8,2,3/11/2022,Yes
AcroGarden/Flow/FlowCytometry/West_03_2022/WestAB_March11_2022-08-31_at_01-43-12pm.B05.CSV,West,A,9,1,3/11/2022,Yes
AcroGarden/Flow/FlowCytometry/West_03_2022/WestAB_March11_2022-08-31_at_01-43-12pm.B06.CSV,West,A,9,2,3/11/2022,Yes
AcroGarden/Flow/FlowCytometry/West_03_2022/WestAB_March11_2022-08-31_at_01-43-12pm.B07.CSV,West,A,10,1,3/11/2022,Yes
AcroGarden/Flow/FlowCytometry/West_03_2022/WestAB_March11_2022-08-31_at_01-43-12pm.B08.CSV,West,A,10,2,3/11/2022,Yes
AcroGarden/Flow/FlowCytometry/West_03_2022/WestAB_March11_2022-08-31_at_01-43-12pm.C01.CSV,West,B,1,1,3/11/2022,Yes
AcroGarden/Flow/FlowCytometry/West_03_2022/WestAB_March11_2022-08-31_at_01-43-12pm.C02.CSV,West,B,1,2,3/11/2022,Yes
AcroGarden/Flow/FlowCytometry/West_03_2022/WestAB_March11_2022-08-31_at_01-43-12pm.C03.CSV,West,B,2,1,3/11/2022,Yes
AcroGarden/Flow/FlowCytometry/West_03_2022/WestAB_March11_2022-08-31_at_01-43-12pm.C04.CSV,West,B,2,2,3/11/2022,Yes
AcroGarden/Flow/FlowCytometry/West_03_2022/WestAB_March11_2022-08-31_at_01-43-12pm.C05.CSV,West,B,3,1,3/11/2022,Yes
AcroGarden/Flow/FlowCytometry/West_03_2022/WestAB_March11_2022-08-31_at_01-43-12pm.C06.CSV,West,B,3,2,3/11/2022,Yes
AcroGarden/Flow/FlowCytometry/West_03_2022/WestAB_March11_2022-08-31_at_01-43-12pm.C07.CSV,West,B,4,1,3/11/2022,Yes
AcroGarden/Flow/FlowCytometry/West_03_2022/WestAB_March11_2022-08-31_at_01-43-12pm.C08.CSV,West,B,4,2,3/11/2022,Yes
AcroGarden/Flow/FlowCytometry/West_03_2022/WestAB_March11_2022-08-31_at_01-43-12pm.C09.CSV,West,B,5,1,3/11/2022,Yes
AcroGarden/Flow/FlowCytometry/West_03_2022/WestAB_March11_2022-08-31_at_01-43-12pm.C10.CSV,West,B,5,2,3/11/2022,Yes
AcroGarden/Flow/FlowCytometry/West_03_2022/WestAB_March11_2022-08-31_at_01-43-12pm.D01.CSV,West,B,6,1,3/11/2022,Yes
AcroGarden/Flow/FlowCytometry/West_03_2022/WestAB_March11_2022-08-31_at_01-43-12pm.D02.CSV,West,B,6,2,3/11/2022,Yes
AcroGarden/Flow/FlowCytometry/West_03_2022/WestAB_March11_2022-08-31_at_01-43-12pm.D03.CSV,West,B,7,1,3/11/2022,Yes
AcroGarden/Flow/FlowCytometry/West_03_2022/WestAB_March11_2022-08-31_at_01-43-12pm.D04.CSV,West,B,7,2,3/11/2022,Yes
AcroGarden/Flow/FlowCytometry/West_03_2022/WestAB_March11_2022-08-31_at_01-43-12pm.D05.CSV,West,B,8,1,3/11/2022,Yes
AcroGarden/Flow/FlowCytometry/West_03_2022/WestAB_March11_2022-08-31_at_01-43-12pm.D06.CSV,West,B,8,2,3/11/2022,Yes
AcroGarden/Flow/FlowCytometry/West_03_2022/WestAB_March11_2022-08-31_at_01-43-12pm.D07.CSV,West,B,9,1,3/11/2022,Yes
AcroGarden/Flow/FlowCytometry/West_03_2022/WestAB_March11_2022-08-31_at_01-43-12pm.D08.CSV,West,B,9,2,3/11/2022,Yes
AcroGarden/Flow/FlowCytometry/East_05_2022/EastAB_May27_2022-08-17_at_02-09-26pm.E01.CSV,East,A,1,1,5/27/2022,Yes
AcroGarden/Flow/FlowCytometry/East_05_2022/EastAB_May27_2022-08-17_at_02-09-26pm.E02.CSV,East,A,1,2,5/27/2022,Yes
AcroGarden/Flow/FlowCytometry/East_05_2022/EastAB_May27_2022-08-17_at_02-09-26pm.E03.CSV,East,A,2,1,5/27/2022,Yes
AcroGarden/Flow/FlowCytometry/East_05_2022/EastAB_May27_2022-08-17_at_02-09-26pm.E04.CSV,East,A,2,2,5/27/2022,Yes
AcroGarden/Flow/FlowCytometry/East_05_2022/EastAB_May27_2022-08-17_at_02-09-26pm.E05.CSV,East,A,3,1,5/27/2022,Yes
AcroGarden/Flow/FlowCytometry/East_05_2022/EastAB_May27_2022-08-17_at_02-09-26pm.E06.CSV,East,A,3,2,5/27/2022,Yes
AcroGarden/Flow/FlowCytometry/East_05_2022/EastAB_May27_2022-08-17_at_02-09-26pm.E07.CSV,East,A,4,1,5/27/2022,Yes
AcroGarden/Flow/FlowCytometry/East_05_2022/EastAB_May27_2022-08-17_at_02-09-26pm.E08.CSV,East,A,4,2,5/27/2022,Yes
AcroGarden/Flow/FlowCytometry/East_05_2022/EastAB_May27_2022-08-17_at_02-09-26pm.E09.CSV,East,A,5,1,5/27/2022,Yes
AcroGarden/Flow/FlowCytometry/East_05_2022/EastAB_May27_2022-08-17_at_02-09-26pm.E10.CSV,East,A,5,2,5/27/2022,Yes
AcroGarden/Flow/FlowCytometry/East_05_2022/EastAB_May27_2022-08-17_at_02-09-26pm.F01.CSV,East,A,6,1,5/27/2022,Yes
AcroGarden/Flow/FlowCytometry/East_05_2022/EastAB_May27_2022-08-17_at_02-09-26pm.F02.CSV,East,A,6,2,5/27/2022,Yes
AcroGarden/Flow/FlowCytometry/East_05_2022/EastAB_May27_2022-08-17_at_02-09-26pm.F03.CSV,East,A,7,1,5/27/2022,Yes
AcroGarden/Flow/FlowCytometry/East_05_2022/EastAB_May27_2022-08-17_at_02-09-26pm.F04.CSV,East,A,7,2,5/27/2022,Yes
AcroGarden/Flow/FlowCytometry/East_05_2022/EastAB_May27_2022-08-17_at_02-09-26pm.F05.CSV,East,A,8,1,5/27/2022,Yes
AcroGarden/Flow/FlowCytometry/East_05_2022/EastAB_May27_2022-08-17_at_02-09-26pm.F06.CSV,East,A,8,2,5/27/2022,Yes
AcroGarden/Flow/FlowCytometry/East_05_2022/EastAB_May27_2022-08-17_at_02-09-26pm.F07.CSV,East,A,9,1,5/27/2022,Yes
AcroGarden/Flow/FlowCytometry/East_05_2022/EastAB_May27_2022-08-17_at_02-09-26pm.F08.CSV,East,A,9,2,5/27/2022,Yes
AcroGarden/Flow/FlowCytometry/East_05_2022/EastAB_May27_2022-08-17_at_02-09-26pm.F09.CSV,East,A,10,1,5/27/2022,Yes
AcroGarden/Flow/FlowCytometry/East_05_2022/EastAB_May27_2022-08-17_at_02-09-26pm.F10.CSV,East,A,10,2,5/27/2022,Yes
AcroGarden/Flow/FlowCytometry/East_05_2022/EastAB_May27_2022-08-17_at_02-09-26pm.G01.CSV,East,B,1,1,5/27/2022,Yes
AcroGarden/Flow/FlowCytometry/East_05_2022/EastAB_May27_2022-08-17_at_02-09-26pm.G02.CSV,East,B,1,2,5/27/2022,Yes
AcroGarden/Flow/FlowCytometry/East_05_2022/EastAB_May27_2022-08-17_at_02-09-26pm.G03.CSV,East,B,2,1,5/27/2022,Yes
AcroGarden/Flow/FlowCytometry/East_05_2022/EastAB_May27_2022-08-17_at_02-09-26pm.G04.CSV,East,B,2,2,5/27/2022,Yes
AcroGarden/Flow/FlowCytometry/East_05_2022/EastAB_May27_2022-08-17_at_02-09-26pm.G05.CSV,East,B,3,1,5/27/2022,Yes
AcroGarden/Flow/FlowCytometry/East_05_2022/EastAB_May27_2022-08-17_at_02-09-26pm.G06.CSV,East,B,3,2,5/27/2022,Yes
AcroGarden/Flow/FlowCytometry/East_05_2022/EastAB_May27_2022-08-17_at_02-09-26pm.G07.CSV,East,B,4,1,5/27/2022,Yes
AcroGarden/Flow/FlowCytometry/East_05_2022/EastAB_May27_2022-08-17_at_02-09-26pm.G08.CSV,East,B,4,2,5/27/2022,Yes
AcroGarden/Flow/FlowCytometry/East_05_2022/EastAB_May27_2022-08-17_at_02-09-26pm.G09.CSV,East,B,5,1,5/27/2022,Yes
AcroGarden/Flow/FlowCytometry/East_05_2022/EastAB_May27_2022-08-17_at_02-09-26pm.G10.CSV,East,B,5,2,5/27/2022,Yes
AcroGarden/Flow/FlowCytometry/East_05_2022/EastAB_May27_2022-08-17_at_02-09-26pm.H01.CSV,East,B,6,1,5/27/2022,Yes
AcroGarden/Flow/FlowCytometry/East_05_2022/EastAB_May27_2022-08-17_at_02-09-26pm.H02.CSV,East,B,6,2,5/27/2022,Yes
AcroGarden/Flow/FlowCytometry/East_05_2022/EastAB_May27_2022-08-17_at_02-09-26pm.H03.CSV,East,B,7,1,5/27/2022,Yes
AcroGarden/Flow/FlowCytometry/East_05_2022/EastAB_May27_2022-08-17_at_02-09-26pm.H04.CSV,East,B,7,2,5/27/2022,Yes
AcroGarden/Flow/FlowCytometry/East_05_2022/EastAB_May27_2022-08-17_at_02-09-26pm.H05.CSV,East,B,9,1,5/27/2022,Yes
AcroGarden/Flow/FlowCytometry/East_05_2022/EastAB_May27_2022-08-17_at_02-09-26pm.H06.CSV,East,B,9,2,5/27/2022,Yes
AcroGarden/Flow/FlowCytometry/East_05_2022/EastAB_May27_2022-08-17_at_02-09-26pm.H07.CSV,East,B,10,1,5/27/2022,Yes
AcroGarden/Flow/FlowCytometry/East_05_2022/EastAB_May27_2022-08-17_at_02-09-26pm.H08.CSV,East,B,10,2,5/27/2022,Yes
AcroGarden/Flow/FlowCytometry/West_05_2022/WestAB_May27_2022-08-16_at_02-19-44pm.A01.CSV,West,A,1,1,5/27/2022,Yes
AcroGarden/Flow/FlowCytometry/West_05_2022/WestAB_May27_2022-08-16_at_02-19-44pm.A02.CSV,West,A,1,2,5/27/2022,Yes
AcroGarden/Flow/FlowCytometry/West_05_2022/WestAB_May27_2022-08-16_at_02-19-44pm.A03.CSV,West,A,2,1,5/27/2022,Yes
AcroGarden/Flow/FlowCytometry/West_05_2022/WestAB_May27_2022-08-16_at_02-19-44pm.A04.CSV,West,A,2,2,5/27/2022,Yes
AcroGarden/Flow/FlowCytometry/West_05_2022/WestAB_May27_2022-08-16_at_02-19-44pm.A05.CSV,West,A,3,1,5/27/2022,Yes
AcroGarden/Flow/FlowCytometry/West_05_2022/WestAB_May27_2022-08-16_at_02-19-44pm.A06.CSV,West,A,3,2,5/27/2022,Yes
AcroGarden/Flow/FlowCytometry/West_05_2022/WestAB_May27_2022-08-16_at_02-19-44pm.A07.CSV,West,A,4,1,5/27/2022,Yes
AcroGarden/Flow/FlowCytometry/West_05_2022/WestAB_May27_2022-08-16_at_02-19-44pm.A08.CSV,West,A,4,2,5/27/2022,Yes
AcroGarden/Flow/FlowCytometry/West_05_2022/WestAB_May27_2022-08-16_at_02-19-44pm.A09.CSV,West,A,6,1,5/27/2022,Yes
AcroGarden/Flow/FlowCytometry/West_05_2022/WestAB_May27_2022-08-16_at_02-19-44pm.A10.CSV,West,A,6,2,5/27/2022,Yes
AcroGarden/Flow/FlowCytometry/West_05_2022/WestAB_May27_2022-08-16_at_02-19-44pm.B01.CSV,West,A,7,1,5/27/2022,Yes
AcroGarden/Flow/FlowCytometry/West_05_2022/WestAB_May27_2022-08-16_at_02-19-44pm.B02.CSV,West,A,7,2,5/27/2022,Yes
AcroGarden/Flow/FlowCytometry/West_05_2022/WestAB_May27_2022-08-16_at_02-19-44pm.B03.CSV,West,A,8,1,5/27/2022,Yes
AcroGarden/Flow/FlowCytometry/West_05_2022/WestAB_May27_2022-08-16_at_02-19-44pm.B04.CSV,West,A,8,2,5/27/2022,Yes
AcroGarden/Flow/FlowCytometry/West_05_2022/WestAB_May27_2022-08-16_at_02-19-44pm.B05.CSV,West,A,9,1,5/27/2022,Yes
AcroGarden/Flow/FlowCytometry/West_05_2022/WestAB_May27_2022-08-16_at_02-19-44pm.B06.CSV,West,A,9,2,5/27/2022,Yes
AcroGarden/Flow/FlowCytometry/West_05_2022/WestAB_May27_2022-08-16_at_02-19-44pm.B07.CSV,West,A,10,1,5/27/2022,Yes
AcroGarden/Flow/FlowCytometry/West_05_2022/WestAB_May27_2022-08-16_at_02-19-44pm.B08.CSV,West,A,10,2,5/27/2022,Yes
AcroGarden/Flow/FlowCytometry/West_05_2022/WestAB_May27_2022-08-16_at_02-19-44pm.C01.CSV,West,B,1,1,5/27/2022,Yes
AcroGarden/Flow/FlowCytometry/West_05_2022/WestAB_May27_2022-08-16_at_02-19-44pm.C02.CSV,West,B,1,2,5/27/2022,Yes
AcroGarden/Flow/FlowCytometry/West_05_2022/WestAB_May27_2022-08-16_at_02-19-44pm.C03.CSV,West,B,3,1,5/27/2022,Yes
AcroGarden/Flow/FlowCytometry/West_05_2022/WestAB_May27_2022-08-16_at_02-19-44pm.C04.CSV,West,B,3,2,5/27/2022,Yes
AcroGarden/Flow/FlowCytometry/West_05_2022/WestAB_May27_2022-08-16_at_02-19-44pm.C05.CSV,West,B,4,1,5/27/2022,Yes
AcroGarden/Flow/FlowCytometry/West_05_2022/WestAB_May27_2022-08-16_at_02-19-44pm.C06.CSV,West,B,4,2,5/27/2022,Yes
AcroGarden/Flow/FlowCytometry/West_05_2022/WestAB_May27_2022-08-16_at_02-19-44pm.C07.CSV,West,B,5,1,5/27/2022,Yes
AcroGarden/Flow/FlowCytometry/West_05_2022/WestAB_May27_2022-08-16_at_02-19-44pm.C08.CSV,West,B,5,2,5/27/2022,Yes
AcroGarden/Flow/FlowCytometry/West_05_2022/WestAB_May27_2022-08-16_at_02-19-44pm.C09.CSV,West,B,6,1,5/27/2022,Yes
AcroGarden/Flow/FlowCytometry/West_05_2022/WestAB_May27_2022-08-16_at_02-19-44pm.C10.CSV,West,B,6,2,5/27/2022,Yes
AcroGarden/Flow/FlowCytometry/West_05_2022/WestAB_May27_2022-08-16_at_02-19-44pm.D01.CSV,West,B,7,1,5/27/2022,Yes
AcroGarden/Flow/FlowCytometry/West_05_2022/WestAB_May27_2022-08-16_at_02-19-44pm.D02.CSV,West,B,7,2,5/27/2022,Yes
AcroGarden/Flow/FlowCytometry/West_05_2022/WestAB_May27_2022-08-16_at_02-19-44pm.D03.CSV,West,B,8,1,5/27/2022,Yes
AcroGarden/Flow/FlowCytometry/West_05_2022/WestAB_May27_2022-08-16_at_02-19-44pm.D04.CSV,West,B,8,2,5/27/2022,Yes
AcroGarden/Flow/FlowCytometry/West_05_2022/WestAB_May27_2022-08-16_at_02-19-44pm.D05.CSV,West,B,9,1,5/27/2022,Yes
AcroGarden/Flow/FlowCytometry/West_05_2022/WestAB_May27_2022-08-16_at_02-19-44pm.D06.CSV,West,B,9,2,5/27/2022,Yes
AcroGarden/Flow/FlowCytometry/West_05_2022/WestAB_May27_2022-08-16_at_02-19-44pm.D07.CSV,West,B,10,1,5/27/2022,Yes
AcroGarden/Flow/FlowCytometry/West_05_2022/WestAB_May27_2022-08-16_at_02-19-44pm.D08.CSV,West,B,10,2,5/27/2022,Yes
AcroGarden/Flow/FlowCytometry/East_08_2022/EastAB_Aug22_2022-09-08_at_01-51-45pm.A03.CSV,East,A,2,1,8/22/2022,Yes
AcroGarden/Flow/FlowCytometry/East_08_2022/EastAB_Aug22_2022-09-08_at_01-51-45pm.A04.CSV,East,A,2,2,8/22/2022,Yes
AcroGarden/Flow/FlowCytometry/East_08_2022/EastAB_Aug22_2022-09-08_at_01-51-45pm.A05.CSV,East,A,3,1,8/22/2022,Yes
AcroGarden/Flow/FlowCytometry/East_08_2022/EastAB_Aug22_2022-09-08_at_01-51-45pm.A06.CSV,East,A,3,2,8/22/2022,Yes
AcroGarden/Flow/FlowCytometry/East_08_2022/EastAB_Aug22_2022-09-08_at_01-51-45pm.A09.CSV,East,A,5,1,8/22/2022,Yes
AcroGarden/Flow/FlowCytometry/East_08_2022/EastAB_Aug22_2022-09-08_at_01-51-45pm.A10.CSV,East,A,5,2,8/22/2022,Yes
AcroGarden/Flow/FlowCytometry/East_08_2022/EastAB_Aug22_2022-09-08_at_01-51-45pm.B01.CSV,East,A,6,1,8/22/2022,Yes
AcroGarden/Flow/FlowCytometry/East_08_2022/EastAB_Aug22_2022-09-08_at_01-51-45pm.B02.CSV,East,A,6,2,8/22/2022,Yes
AcroGarden/Flow/FlowCytometry/East_08_2022/EastAB_Aug22_2022-09-08_at_01-51-45pm.B03.CSV,East,A,7,1,8/22/2022,Yes
AcroGarden/Flow/FlowCytometry/East_08_2022/EastAB_Aug22_2022-09-08_at_01-51-45pm.B04.CSV,East,A,7,2,8/22/2022,Yes
AcroGarden/Flow/FlowCytometry/East_08_2022/EastAB_Aug22_2022-09-08_at_01-51-45pm.B05.CSV,East,A,8,1,8/22/2022,Yes
AcroGarden/Flow/FlowCytometry/East_08_2022/EastAB_Aug22_2022-09-08_at_01-51-45pm.B06.CSV,East,A,8,2,8/22/2022,Yes
AcroGarden/Flow/FlowCytometry/East_08_2022/EastAB_Aug22_2022-09-08_at_01-51-45pm.B07.CSV,East,A,9,1,8/22/2022,Yes
AcroGarden/Flow/FlowCytometry/East_08_2022/EastAB_Aug22_2022-09-08_at_01-51-45pm.B08.CSV,East,A,9,2,8/22/2022,Yes
AcroGarden/Flow/FlowCytometry/East_08_2022/EastAB_Aug22_2022-09-08_at_01-51-45pm.B09.CSV,East,A,10,1,8/22/2022,Yes
AcroGarden/Flow/FlowCytometry/East_08_2022/EastAB_Aug22_2022-09-08_at_01-51-45pm.B10.CSV,East,A,10,2,8/22/2022,Yes
AcroGarden/Flow/FlowCytometry/East_08_2022/EastAB_Aug22_2022-09-08_at_01-51-45pm.C01.CSV,East,B,1,1,8/22/2022,Yes
AcroGarden/Flow/FlowCytometry/East_08_2022/EastAB_Aug22_2022-09-08_at_01-51-45pm.C02.CSV,East,B,1,2,8/22/2022,Yes
AcroGarden/Flow/FlowCytometry/East_08_2022/EastAB_Aug22_2022-09-08_at_01-51-45pm.C03.CSV,East,B,2,1,8/22/2022,Yes
AcroGarden/Flow/FlowCytometry/East_08_2022/EastAB_Aug22_2022-09-08_at_01-51-45pm.C04.CSV,East,B,2,2,8/22/2022,Yes
AcroGarden/Flow/FlowCytometry/East_08_2022/EastAB_Aug22_2022-09-08_at_01-51-45pm.C05.CSV,East,B,3,1,8/22/2022,Yes
AcroGarden/Flow/FlowCytometry/East_08_2022/EastAB_Aug22_2022-09-08_at_01-51-45pm.C06.CSV,East,B,3,2,8/22/2022,Yes
AcroGarden/Flow/FlowCytometry/East_08_2022/EastAB_Aug22_2022-09-08_at_01-51-45pm.C07.CSV,East,B,4,1,8/22/2022,Yes
AcroGarden/Flow/FlowCytometry/East_08_2022/EastAB_Aug22_2022-09-08_at_01-51-45pm.C08.CSV,East,B,4,2,8/22/2022,Yes
AcroGarden/Flow/FlowCytometry/East_08_2022/EastAB_Aug22_2022-09-08_at_01-51-45pm.C09.CSV,East,B,5,1,8/22/2022,Yes
AcroGarden/Flow/FlowCytometry/East_08_2022/EastAB_Aug22_2022-09-08_at_01-51-45pm.C10.CSV,East,B,5,2,8/22/2022,Yes
AcroGarden/Flow/FlowCytometry/East_08_2022/EastAB_Aug22_2022-09-08_at_01-51-45pm.D01.CSV,East,B,6,1,8/22/2022,Yes
AcroGarden/Flow/FlowCytometry/East_08_2022/EastAB_Aug22_2022-09-08_at_01-51-45pm.D02.CSV,East,B,6,2,8/22/2022,Yes
AcroGarden/Flow/FlowCytometry/East_08_2022/EastAB_Aug22_2022-09-08_at_01-51-45pm.D03.CSV,East,B,7,1,8/22/2022,Yes
AcroGarden/Flow/FlowCytometry/East_08_2022/EastAB_Aug22_2022-09-08_at_01-51-45pm.D04.CSV,East,B,7,2,8/22/2022,Yes
AcroGarden/Flow/FlowCytometry/East_08_2022/EastAB_Aug22_2022-09-08_at_01-51-45pm.D05.CSV,East,B,8,1,8/22/2022,Yes
AcroGarden/Flow/FlowCytometry/East_08_2022/EastAB_Aug22_2022-09-08_at_01-51-45pm.D06.CSV,East,B,8,2,8/22/2022,Yes
AcroGarden/Flow/FlowCytometry/East_08_2022/EastAB_Aug22_2022-09-08_at_01-51-45pm.D07.CSV,East,B,9,1,8/22/2022,Yes
AcroGarden/Flow/FlowCytometry/East_08_2022/EastAB_Aug22_2022-09-08_at_01-51-45pm.D08.CSV,East,B,9,2,8/22/2022,Yes
AcroGarden/Flow/FlowCytometry/East_08_2022/EastAB_Aug22_2022-09-08_at_01-51-45pm.D09.CSV,East,B,10,1,8/22/2022,Yes
AcroGarden/Flow/FlowCytometry/East_08_2022/EastAB_Aug22_2022-09-08_at_01-51-45pm.D10.CSV,East,B,10,2,8/22/2022,Yes
AcroGarden/Flow/FlowCytometry/West_08_2022/WestAB_Aug22_2022-09-05_at_02-21-50pm.A01.CSV,West,A,1,1,8/22/2022,Yes
AcroGarden/Flow/FlowCytometry/West_08_2022/WestAB_Aug22_2022-09-05_at_02-21-50pm.A02.CSV,West,A,1,2,8/22/2022,Yes
AcroGarden/Flow/FlowCytometry/West_08_2022/WestAB_Aug22_2022-09-05_at_02-21-50pm.A03.CSV,West,A,2,1,8/22/2022,Yes
AcroGarden/Flow/FlowCytometry/West_08_2022/WestAB_Aug22_2022-09-05_at_02-21-50pm.A04.CSV,West,A,2,2,8/22/2022,Yes
AcroGarden/Flow/FlowCytometry/West_08_2022/WestAB_Aug22_2022-09-05_at_02-21-50pm.A05.CSV,West,A,3,1,8/22/2022,Yes
AcroGarden/Flow/FlowCytometry/West_08_2022/WestAB_Aug22_2022-09-05_at_02-21-50pm.A06.CSV,West,A,3,2,8/22/2022,Yes
AcroGarden/Flow/FlowCytometry/West_08_2022/WestAB_Aug22_2022-09-05_at_02-21-50pm.A07.CSV,West,A,4,1,8/22/2022,Yes
AcroGarden/Flow/FlowCytometry/West_08_2022/WestAB_Aug22_2022-09-05_at_02-21-50pm.A08.CSV,West,A,4,2,8/22/2022,Yes
AcroGarden/Flow/FlowCytometry/West_08_2022/WestAB_Aug22_2022-09-05_at_02-21-50pm.B01.CSV,West,A,6,1,8/22/2022,Yes
AcroGarden/Flow/FlowCytometry/West_08_2022/WestAB_Aug22_2022-09-05_at_02-21-50pm.B02.CSV,West,A,6,2,8/22/2022,Yes
AcroGarden/Flow/FlowCytometry/West_08_2022/WestAB_Aug22_2022-09-05_at_02-21-50pm.B03.CSV,West,A,7,1,8/22/2022,Yes
AcroGarden/Flow/FlowCytometry/West_08_2022/WestAB_Aug22_2022-09-05_at_02-21-50pm.B04.CSV,West,A,7,2,8/22/2022,Yes
AcroGarden/Flow/FlowCytometry/West_08_2022/WestAB_Aug22_2022-09-05_at_02-21-50pm.B05.CSV,West,A,8,1,8/22/2022,Yes
AcroGarden/Flow/FlowCytometry/West_08_2022/WestAB_Aug22_2022-09-05_at_02-21-50pm.B06.CSV,West,A,8,2,8/22/2022,Yes
AcroGarden/Flow/FlowCytometry/West_08_2022/WestAB_Aug22_2022-09-05_at_02-21-50pm.B07.CSV,West,A,9,1,8/22/2022,Yes
AcroGarden/Flow/FlowCytometry/West_08_2022/WestAB_Aug22_2022-09-05_at_02-21-50pm.B08.CSV,West,A,9,2,8/22/2022,Yes
AcroGarden/Flow/FlowCytometry/West_08_2022/WestAB_Aug22_2022-09-05_at_02-21-50pm.B09.CSV,West,A,10,1,8/22/2022,Yes
AcroGarden/Flow/FlowCytometry/West_08_2022/WestAB_Aug22_2022-09-05_at_02-21-50pm.B10.CSV,West,A,10,2,8/22/2022,Yes
AcroGarden/Flow/FlowCytometry/West_08_2022/WestAB_Aug22_2022-09-05_at_02-21-50pm.C01.CSV,West,B,1,1,8/22/2022,Yes
AcroGarden/Flow/FlowCytometry/West_08_2022/WestAB_Aug22_2022-09-05_at_02-21-50pm.C02.CSV,West,B,1,2,8/22/2022,Yes
AcroGarden/Flow/FlowCytometry/West_08_2022/WestAB_Aug22_2022-09-05_at_02-21-50pm.C03.CSV,West,B,2,1,8/22/2022,Yes
AcroGarden/Flow/FlowCytometry/West_08_2022/WestAB_Aug22_2022-09-05_at_02-21-50pm.C04.CSV,West,B,2,2,8/22/2022,Yes
AcroGarden/Flow/FlowCytometry/West_08_2022/WestAB_Aug22_2022-09-05_at_02-21-50pm.C05.CSV,West,B,3,1,8/22/2022,Yes
AcroGarden/Flow/FlowCytometry/West_08_2022/WestAB_Aug22_2022-09-05_at_02-21-50pm.C06.CSV,West,B,3,2,8/22/2022,Yes
AcroGarden/Flow/FlowCytometry/West_08_2022/WestAB_Aug22_2022-09-05_at_02-21-50pm.C07.CSV,West,B,4,1,8/22/2022,Yes
AcroGarden/Flow/FlowCytometry/West_08_2022/WestAB_Aug22_2022-09-05_at_02-21-50pm.C08.CSV,West,B,4,2,8/22/2022,Yes
AcroGarden/Flow/FlowCytometry/West_08_2022/WestAB_Aug22_2022-09-05_at_02-21-50pm.C09.CSV,West,B,5,1,8/22/2022,Yes
AcroGarden/Flow/FlowCytometry/West_08_2022/WestAB_Aug22_2022-09-05_at_02-21-50pm.C10.CSV,West,B,5,2,8/22/2022,Yes
AcroGarden/Flow/FlowCytometry/West_08_2022/WestAB_Aug22_2022-09-05_at_02-21-50pm.D01.CSV,West,B,6,1,8/22/2022,Yes
AcroGarden/Flow/FlowCytometry/West_08_2022/WestAB_Aug22_2022-09-05_at_02-21-50pm.D02.CSV,West,B,6,2,8/22/2022,Yes
AcroGarden/Flow/FlowCytometry/West_08_2022/WestAB_Aug22_2022-09-05_at_02-21-50pm.D03.CSV,West,B,7,1,8/22/2022,Yes
AcroGarden/Flow/FlowCytometry/West_08_2022/WestAB_Aug22_2022-09-05_at_02-21-50pm.D04.CSV,West,B,7,2,8/22/2022,Yes
AcroGarden/Flow/FlowCytometry/West_08_2022/WestAB_Aug22_2022-09-05_at_02-21-50pm.D05.CSV,West,B,8,1,8/22/2022,Yes
AcroGarden/Flow/FlowCytometry/West_08_2022/WestAB_Aug22_2022-09-05_at_02-21-50pm.D06.CSV,West,B,8,2,8/22/2022,Yes
AcroGarden/Flow/FlowCytometry/West_08_2022/WestAB_Aug22_2022-09-05_at_02-21-50pm.D07.CSV,West,B,9,1,8/22/2022,Yes
AcroGarden/Flow/FlowCytometry/West_08_2022/WestAB_Aug22_2022-09-05_at_02-21-50pm.D08.CSV,West,B,9,2,8/22/2022,Yes
AcroGarden/Flow/FlowCytometry/West_08_2022/WestAB_Aug22_2022-09-05_at_02-21-50pm.D09.CSV,West,B,10,1,8/22/2022,Yes
AcroGarden/Flow/FlowCytometry/West_08_2022/WestAB_Aug22_2022-09-05_at_02-21-50pm.D10.CSV,West,B,10,2,8/22/2022,Yes
AcroGarden/Flow/FlowCytometry/Source_08_2022/Lum_Aug_2022-09-06_at_05-33-15pm.A01.CSV,Luminao,A,1,1,9/1/2022,Yes
AcroGarden/Flow/FlowCytometry/Source_08_2022/Lum_Aug_2022-09-06_at_05-33-15pm.A02.CSV,Luminao,A,1,2,9/1/2022,Yes
AcroGarden/Flow/FlowCytometry/Source_08_2022/Lum_Aug_2022-09-06_at_05-33-15pm.A03.CSV,Luminao,A,2,1,9/1/2022,Yes
AcroGarden/Flow/FlowCytometry/Source_08_2022/Lum_Aug_2022-09-06_at_05-33-15pm.A04.CSV,Luminao,A,2,2,9/1/2022,Yes
AcroGarden/Flow/FlowCytometry/Source_08_2022/Lum_Aug_2022-09-06_at_05-33-15pm.A05.CSV,Luminao,A,3,1,9/1/2022,Yes
AcroGarden/Flow/FlowCytometry/Source_08_2022/Lum_Aug_2022-09-06_at_05-33-15pm.A06.CSV,Luminao,A,3,2,9/1/2022,Yes
AcroGarden/Flow/FlowCytometry/Source_08_2022/Lum_Aug_2022-09-06_at_05-33-15pm.A07.CSV,Luminao,B,4,1,9/1/2022,Yes
AcroGarden/Flow/FlowCytometry/Source_08_2022/Lum_Aug_2022-09-06_at_05-33-15pm.A08.CSV,Luminao,B,4,2,9/1/2022,Yes
AcroGarden/Flow/FlowCytometry/Source_08_2022/Lum_Aug_2022-09-06_at_05-33-15pm.B01.CSV,Luminao,B,5,1,9/1/2022,Yes
AcroGarden/Flow/FlowCytometry/Source_08_2022/Lum_Aug_2022-09-06_at_05-33-15pm.B02.CSV,Luminao,B,5,2,9/1/2022,Yes
AcroGarden/Flow/FlowCytometry/Source_08_2022/Lum_Aug_2022-09-06_at_05-33-15pm.B03.CSV,Luminao,B,6,1,9/1/2022,Yes
AcroGarden/Flow/FlowCytometry/Source_08_2022/Lum_Aug_2022-09-06_at_05-33-15pm.B04.CSV,Luminao,B,6,2,9/1/2022,Yes
AcroGarden/Flow/FlowCytometry/Source_08_2022/Lum_Aug_2022-09-06_at_05-33-15pm.B05.CSV,Luminao,C,7,1,9/1/2022,Yes
AcroGarden/Flow/FlowCytometry/Source_08_2022/Lum_Aug_2022-09-06_at_05-33-15pm.B06.CSV,Luminao,C,7,2,9/1/2022,Yes
AcroGarden/Flow/FlowCytometry/Source_08_2022/Lum_Aug_2022-09-06_at_05-33-15pm.B07.CSV,Luminao,C,8,1,9/1/2022,Yes
AcroGarden/Flow/FlowCytometry/Source_08_2022/Lum_Aug_2022-09-06_at_05-33-15pm.B08.CSV,Luminao,C,8,2,9/1/2022,Yes
AcroGarden/Flow/FlowCytometry/Source_08_2022/Lum_Aug_2022-09-06_at_05-33-15pm.C01.CSV,Luminao,C,9,1,9/1/2022,Yes
AcroGarden/Flow/FlowCytometry/Source_08_2022/Lum_Aug_2022-09-06_at_05-33-15pm.C02.CSV,Luminao,C,9,2,9/1/2022,Yes
AcroGarden/Flow/FlowCytometry/Source_08_2022/Lum_Aug_2022-09-06_at_05-33-15pm.C03.CSV,Luminao,D,10,1,9/1/2022,Yes
AcroGarden/Flow/FlowCytometry/Source_08_2022/Lum_Aug_2022-09-06_at_05-33-15pm.C04.CSV,Luminao,D,10,2,9/1/2022,Yes
AcroGarden/Flow/FlowCytometry/Source_08_2022/Lum_Aug_2022-09-06_at_05-33-15pm.C05.CSV,Luminao,D,11,1,9/1/2022,Yes
AcroGarden/Flow/FlowCytometry/Source_08_2022/Lum_Aug_2022-09-06_at_05-33-15pm.C06.CSV,Luminao,D,11,2,9/1/2022,Yes
AcroGarden/Flow/FlowCytometry/Source_08_2022/Lum_Aug_2022-09-06_at_05-33-15pm.C07.CSV,Luminao,D,12,1,9/1/2022,Yes
AcroGarden/Flow/FlowCytometry/Source_08_2022/Lum_Aug_2022-09-06_at_05-33-15pm.C08.CSV,Luminao,D,12,2,9/1/2022,Yes
AcroGarden/Flow/FlowCytometry/West_09_2021/WestAB_September30_2021_2022-01-25_at_02-35-19pm.A01.CSV,West,A,1,1,9/30/2021,Yes
AcroGarden/Flow/FlowCytometry/West_09_2021/WestAB_September30_2021_2022-01-25_at_02-35-19pm.A02.CSV,West,A,1,2,9/30/2021,Yes
AcroGarden/Flow/FlowCytometry/West_09_2021/WestAB_September30_2021_2022-01-25_at_02-35-19pm.A03.CSV,West,A,2,1,9/30/2021,Yes
AcroGarden/Flow/FlowCytometry/West_09_2021/WestAB_September30_2021_2022-01-25_at_02-35-19pm.A04.CSV,West,A,2,2,9/30/2021,Yes
AcroGarden/Flow/FlowCytometry/West_09_2021/WestAB_September30_2021_2022-01-25_at_02-35-19pm.A05.CSV,West,A,3,1,9/30/2021,Yes
AcroGarden/Flow/FlowCytometry/West_09_2021/WestAB_September30_2021_2022-01-25_at_02-35-19pm.A06.CSV,West,A,3,2,9/30/2021,Yes
AcroGarden/Flow/FlowCytometry/West_09_2021/WestAB_September30_2021_2022-01-25_at_02-35-19pm.A07.CSV,West,A,4,2,9/30/2021,Yes
AcroGarden/Flow/FlowCytometry/West_09_2021/WestAB_September30_2021_2022-01-25_at_02-35-19pm.A08.CSV,West,A,4,1,9/30/2021,Yes
AcroGarden/Flow/FlowCytometry/West_09_2021/WestAB_September30_2021_2022-01-25_at_02-35-19pm.A09.CSV,West,A,5,2,9/30/2021,Yes
AcroGarden/Flow/FlowCytometry/West_09_2021/WestAB_September30_2021_2022-01-25_at_02-35-19pm.A10.CSV,West,A,5,1,9/30/2021,Yes
AcroGarden/Flow/FlowCytometry/West_09_2021/WestAB_September30_2021_2022-01-25_at_02-35-19pm.B01.CSV,West,A,6,2,9/30/2021,Yes
AcroGarden/Flow/FlowCytometry/West_09_2021/WestAB_September30_2021_2022-01-25_at_02-35-19pm.B02.CSV,West,A,6,1,9/30/2021,Yes
AcroGarden/Flow/FlowCytometry/West_09_2021/WestAB_September30_2021_2022-01-25_at_02-35-19pm.B03.CSV,West,A,7,2,9/30/2021,Yes
AcroGarden/Flow/FlowCytometry/West_09_2021/WestAB_September30_2021_2022-01-25_at_02-35-19pm.B04.CSV,West,A,7,1,9/30/2021,Yes
AcroGarden/Flow/FlowCytometry/West_09_2021/WestAB_September30_2021_2022-01-25_at_02-35-19pm.B05.CSV,West,A,8,1,9/30/2021,Yes
AcroGarden/Flow/FlowCytometry/West_09_2021/WestAB_September30_2021_2022-01-25_at_02-35-19pm.B06.CSV,West,A,8,2,9/30/2021,Yes
AcroGarden/Flow/FlowCytometry/West_09_2021/WestAB_September30_2021_2022-01-25_at_02-35-19pm.B07.CSV,West,A,9,1,9/30/2021,Yes
AcroGarden/Flow/FlowCytometry/West_09_2021/WestAB_September30_2021_2022-01-25_at_02-35-19pm.B08.CSV,West,A,9,2,9/30/2021,Yes
AcroGarden/Flow/FlowCytometry/West_09_2021/WestAB_September30_2021_2022-01-25_at_02-35-19pm.B09.CSV,West,A,10,1,9/30/2021,Yes
AcroGarden/Flow/FlowCytometry/West_09_2021/WestAB_September30_2021_2022-01-25_at_02-35-19pm.B10.CSV,West,A,10,2,9/30/2021,Yes
AcroGarden/Flow/FlowCytometry/West_09_2021/WestAB_September30_2021_2022-01-25_at_02-35-19pm.C01.CSV,West,B,1,1,9/30/2021,Yes
AcroGarden/Flow/FlowCytometry/West_09_2021/WestAB_September30_2021_2022-01-25_at_02-35-19pm.C02.CSV,West,B,1,2,9/30/2021,Yes
AcroGarden/Flow/FlowCytometry/West_09_2021/WestAB_September30_2021_2022-01-25_at_02-35-19pm.C03.CSV,West,B,2,1,9/30/2021,Yes
AcroGarden/Flow/FlowCytometry/West_09_2021/WestAB_September30_2021_2022-01-25_at_02-35-19pm.C04.CSV,West,B,2,2,9/30/2021,Yes
AcroGarden/Flow/FlowCytometry/West_09_2021/WestAB_September30_2021_2022-01-25_at_02-35-19pm.C05.CSV,West,B,3,1,9/30/2021,Yes
AcroGarden/Flow/FlowCytometry/West_09_2021/WestAB_September30_2021_2022-01-25_at_02-35-19pm.C06.CSV,West,B,3,2,9/30/2021,Yes
AcroGarden/Flow/FlowCytometry/West_09_2021/WestAB_September30_2021_2022-01-25_at_02-35-19pm.C07.CSV,West,B,4,1,9/30/2021,Yes
AcroGarden/Flow/FlowCytometry/West_09_2021/WestAB_September30_2021_2022-01-25_at_02-35-19pm.C08.CSV,West,B,4,2,9/30/2021,Yes
AcroGarden/Flow/FlowCytometry/West_09_2021/WestAB_September30_2021_2022-01-25_at_02-35-19pm.C09.CSV,West,B,5,1,9/30/2021,Yes
AcroGarden/Flow/FlowCytometry/West_09_2021/WestAB_September30_2021_2022-01-25_at_02-35-19pm.C10.CSV,West,B,5,2,9/30/2021,Yes
AcroGarden/Flow/FlowCytometry/West_09_2021/WestAB_September30_2021_2022-01-25_at_02-35-19pm.D01.CSV,West,B,6,1,9/30/2021,Yes
AcroGarden/Flow/FlowCytometry/West_09_2021/WestAB_September30_2021_2022-01-25_at_02-35-19pm.D02.CSV,West,B,6,2,9/30/2021,Yes
AcroGarden/Flow/FlowCytometry/West_09_2021/WestAB_September30_2021_2022-01-25_at_02-35-19pm.D03.CSV,West,B,7,1,9/30/2021,Yes
AcroGarden/Flow/FlowCytometry/West_09_2021/WestAB_September30_2021_2022-01-25_at_02-35-19pm.D04.CSV,West,B,7,2,9/30/2021,Yes
AcroGarden/Flow/FlowCytometry/West_09_2021/WestAB_September30_2021_2022-01-25_at_02-35-19pm.D05.CSV,West,B,8,1,9/30/2021,Yes
AcroGarden/Flow/FlowCytometry/West_09_2021/WestAB_September30_2021_2022-01-25_at_02-35-19pm.D06.CSV,West,B,8,2,9/30/2021,Yes
AcroGarden/Flow/FlowCytometry/West_09_2021/WestAB_September30_2021_2022-01-25_at_02-35-19pm.D07.CSV,West,B,9,1,9/30/2021,Yes
AcroGarden/Flow/FlowCytometry/West_09_2021/WestAB_September30_2021_2022-01-25_at_02-35-19pm.D08.CSV,West,B,9,2,9/30/2021,Yes
AcroGarden/Flow/FlowCytometry/West_09_2021/WestAB_September30_2021_2022-01-25_at_02-35-19pm.D09.CSV,West,B,10,1,9/30/2021,Yes
AcroGarden/Flow/FlowCytometry/West_09_2021/WestAB_September30_2021_2022-01-25_at_02-35-19pm.D10.CSV,West,B,10,2,9/30/2021,Yes
